Lieto,Perrone,Pozzato,Chiodino
Britz,Varzinczak
Bonatti
Pozzato
Lieto,Pozzato
Lieto,Pozzato
Britz,Casini,Meyer,Varzinczak
Britz,Varzinczak
Lieto,Perrone,Pozzato
Britz,Varzinczak
Britz,Varzinczak
Giordano,Gliozzi
Casini,Harrison,Meyer,Swan
Pozzato,Soriano
Bettaz,Boustia,Makhtari
Bozzato,Eiter,Serafini
Ortiz,Pavlovic,Simkus
Bozzato,Eiter,Serafini
Porello,Kutz,Righetti,Troquard,Galliani,Masolo
Bozzato,Eiter,Serafini
Bozzato,Eiter,Serafini
Meditskos,Kontopoulos,Vrochidis,Kompatsiaris
Hijazi,Jabri,Obeid
Pensel,Turhan
Varzinczak
Guesmia,Boustia
Ruta,Scioscia,Gramegna,Ieva,Sciascio,Vera
Bozzato,Eiter,Serafini
Micalizio,Pozzato
Lieto,Pozzato
Lieto,Pozzato
Giordano,Gliozzi,Olivetti
Bonatti,Sauro
Britz,Varzinczak
Pozzato
Giordano,Dupre
Giordano,Gliozzi
Bonatti,Sauro
Khattab,Moubaiddin,Obeid
Guesmia,Boustia
Giordano,Gliozzi,Pozzato,Renzulli
Giordano,Gliozzi,Pozzato,Renzulli
Pensel,Turhan
Bonatti,Faella,Petrova,Sauro
Pozzato
Pensel,Turhan
Britz,Varzinczak
Britz,Varzinczak
Bozzato,Serafini,Calabrese
Lopes,Knorr,Leite
Eiter,Fink,Stepanova
Giordano,Dupre
Eiter,Fink,Stepanova
Micalizio,Pozzato
Pozzato
Micalizio,Pozzato
Pozzato
Delivorias,Rudolph
Britz,Varzinczak
Gliozzi
Bettaz,Boustia,Mokhtari
Meditskos,Kontopoulos,Vrochidis,Kompatsiaris
Giordano,Dupre
Bettaz,Boustia,Mokhtari
Giordano,Gliozzi,Olivetti,Pozzato
Nebel
Giordano,Gliozzi,Olivetti,Pozzato,Violanti
Giordano,Gliozzi
Giordano,Gliozzi,Olivetti,Pozzato,Violanti
Pozzato
Bonatti,Faella,Lutz,Sauro,Wolter
Bonatti,Faella,Petrova,Sauro
Bonatti,Petrova,Sauro
Sengupta,Hitzler
Kaminski,Knorr,Leite
Kaminski,Knorr,Leite
Eiter,Simkus
Knorr
Micalizio,Pozzato
To,Le,Ikeda
Moodley,Meyer,Sattler
Meyer,Moodley,Sattler
Eiter,Fink,Stepanova
Eiter,Fink,Stepanova
Casini,Meyer,Moodley,Nortje
Frota,Martins,Alc√¢ntara,Bustamante
Berger,Tompits
Nagai,Kaneiwa
WanHai,XiaoZhanhao,ZhenfengYaun,ZhangHeng,ZhangYan
Shen,Wang,Eiter,Fink,Redl,Krennwallner,Deng
Gomez,Simari
Jouis,Rahman,Ganascia
Casini,Meyer,Moodley,Varzinczak
Casini,Meyer,Moodley,Varzinczak
Giordano,Gliozzi,Jalal,Olivetti,Pozzato
Giordano,Gliozzi,Olivetti,Pozzato
Eiter,Fink,Stepanova
Hernich,Kupke,Lukasiewicz,Gottlob
Ouyang,Cui,Ye
Giordano,Gliozzi,Olivetti,Pozzato
Casini,Straccia
Bettaz,Boustia,Mokhtari
Wang,Eiter,You,Yuan,Shen
Eiter,Fink,Stepanova
Hernich,Kupke,Lukasiewicz,Gottlob
Alferes,Knorr,Swift
Gomez,Chesnevar,Simari
MaZM,ZhangFu,WangHailong,YanLi
QiGuilin,ZhangZhizheng
Giordano,Gliozzi,Olivetti,Pozzato
Berger,Tompits
Heymans,Eiter,Xiao
ZhouYi,ZhangYan
Britz,Meyer,Varzinczak
Casini,Gerber,Meyer
Moodley,Meyer,Varzinczak
Malenko,Stepanek
Giordano,Gliozzi,Olivetti,Pozzato
Moodley,Meyer,Varzinczak
Gottlob,Hernich,Kupke,Lukasiewicz
Alizadeh,Javadi,Amini,Jalili
Javadi,Amini,Jalili
Redl
Gottlob,Hernich,Kupke,Lukasiewicz
Ramachandran,Qi,WangKewen,WangJunhu,Thornton
Homola,Knorr,Leite,Slota
Hu,Qiu,Shi
Eiter,Fink,Krennwallner,Redl
Letia,Groza
Eiter,Krennwallner,Schneider,Xiao
Peng,Ke,Shi
Casini,Straccia
Casini,Mosca
Knorr,Hitzler,Maier
Boustia,Mokhtari
Britz,Meyer,Varzinczak
Giordano,Gliozzi,Olivetti,Pozzato
Casini,Straccia
Krisnadhi,Sengupta,Hitzler
Giordano,Gliozzi,Olivetti,Pozzato
Bonatti,Faella,Sauro
Sengupta,Krisnadhi,Hitzler
YangQian,YouJiaHuai,FengZhiyoung
Giordano,Gliozzi,Olivetti,Pozzato
Frixione,Lieto
Krisnadhi,Sengupta,Hitzler
Bonatti,Faella,Sauro
Wiech,Rybinski,Ryzko
Giordano,Gliozzi,Olivetti,Pozzato
Brewka,Eiter,Fink
ZhangXiaowang,LinZuoquan,WangKewen
Eiter,Ianni,Lukasiewicz,Schndlauer
Slota,Leite,Swift
Giordano,Gliozzi,Olivetti,Pozzato
Bonatti,Faella,Sauro
Scharrenbach,Grutter,Waldvogel,Bernstein
Wiech,Rybinski
Scharrenbach,dAmato,Fanizzi,Grutter,Waldvogel,Bernstein
Scharrenbach,dAmato,Fanizzi,Grutter,Waldvogel,Bernstein
Casini,Straccia
Puhrer,Heymans,Eiter
Motik,Rosati
Orsi,Tanca
Giordano,Gliozzi,Olivetti,Pozzato
Gomez,Chesnevar,Simari
Heymans,Eiter,Xiao
Slota,Leite
Eiter,Simkus
Grimm,Hitzler
Britz,Heidema,Meyer
JiLing,OuyangDantong,YeYuxin
Britz,Heidema,Meyer
Lian,Waaler
Giordano,Gliozzi,Olivetti,Pozzato
Giordano,Gliozzi,Olivetti,Pozzato
Giordano,Gliozzi,Olivetti,Pozzato
Giordano,Gliozzi,Olivetti,Pozzato
DaoTran,Eiter,Krennwallner
Bonatti,Lutz,Wolter
LuS,LiuL,ShiL,LiY
LiuShaouhua,YuJunsheng,MaYinglong,ZhangXu,LiuCiaoming,SuHansheng
Eiter,Ianni,Krennwallner,Schndlauer
YangFK,ChenXP
Grimm,Hitzler
Giordano,Gliozzi,Olivetti,Pozzato
Pascu,Descles
Eiter,Ianni,Lukasiewicz,Shindlauer,Tompits
Eiter,Ianni,Krennwallner,Schndlauer
Bonatti
Yang,Chen
Eiter,Ianni,Krennwallner,Schndlauer
Yang,Chen
Lukasiewicz,Straccia
Giordano,Gliozzi,Olivetti,Pozzato
Calvanese,Giacomo,Lembo,Lenzerini,Rosati
Xiao,Tang
Heymans,Bruijn
Bruijn
Gomez,Chesnevar,Simari
XiaoR
Heymans,Nieuwenborgh,Vermeir
Pothipruk,Governatori
Rosati
Sun,Sui
Bonatti,Lutz,Wolter
Szalas
Kolovski,Parsia,Katz
Eiter,Ianni,Schndlauer,Tompits
Eiter,Ianni,Schndlauer,Tompits
Eiter,Ianni,Schndlauer,Tompits
DeBruijin,Eiter,Polleres,Tompits
Eiter,Ianni,Polleres,Schindlauer,Tompits
Rosati
Eiter,Ianni,Schndlauer,Tompits
Heymans,Nieuwenborgh,Vermeir
Heymans,Nieuwenborgh,Vermeir
WangSongxin,ZhouShuigeng,WangFei,ZhouAoying
Wang,Billington,Blee,Antoniou
Governatori
WangSongxin,ZhouShuigeng,WangFei,ZhouAoying
DongMK,JiangYC,ShiZZ
Antoniou
Heymans,Vermeir
Donini,Nardi,Rosati
Heymans,Vermeir
Donini,Nardi,Rosati
Donini,Lenzerini,Nardi,Nutt,Schaerf
Donini,Nardi,Rosati
